address;source_location;insn;indent
0x2250;/home/sofiane/AOC/tp-rendu/AOC/kernel.c:131;VMOVSS	0xdac(%RIP),%XMM6;
0x2258;/home/sofiane/AOC/tp-rendu/AOC/kernel.c:131;VCMPSS	$0x1,0xda3(%RIP),%XMM0,%XMM8;
0x2261;/home/sofiane/AOC/tp-rendu/AOC/kernel.c:131;VMOVD	%R11D,%XMM7;
0x2266;/home/sofiane/AOC/tp-rendu/AOC/kernel.c:131;VMOVD	%ECX,%XMM2;
0x226a;/home/sofiane/AOC/tp-rendu/AOC/kernel.c:131;VBLENDVPS	%XMM8,%XMM6,%XMM7,%XMM3;
0x2270;/home/sofiane/AOC/tp-rendu/AOC/kernel.c:131;VBLENDVPS	%XMM8,%XMM2,%XMM6,%XMM2;
0x2276;/home/sofiane/AOC/tp-rendu/AOC/kernel.c:131;VADDSS	%XMM15,%XMM0,%XMM8;
0x227b;/home/sofiane/AOC/tp-rendu/AOC/kernel.c:132;VMULSS	%XMM15,%XMM0,%XMM6;
0x2280;/home/sofiane/AOC/tp-rendu/AOC/kernel.c:13;VFMADD132SS	%XMM5,%XMM4,%XMM8;
0x2285;/home/sofiane/AOC/tp-rendu/AOC/kernel.c:13;VCVTTSS2SI	%XMM8,%EAX;
0x228a;/home/sofiane/AOC/tp-rendu/AOC/kernel.c:131;VMOVD	%EAX,%XMM7;
0x228e;/home/sofiane/AOC/tp-rendu/AOC/kernel.c:131;VDIVSS	%XMM1,%XMM7,%XMM8;
0x2292;/home/sofiane/AOC/tp-rendu/AOC/kernel.c:132;VDIVSS	%XMM1,%XMM6,%XMM7;
0x2296;/home/sofiane/AOC/tp-rendu/AOC/kernel.c:132;VMULSS	%XMM2,%XMM7,%XMM6;
0x229a;/home/sofiane/AOC/tp-rendu/AOC/kernel.c:131;VXORPD	%XMM7,%XMM7,%XMM7;
0x229e;/home/sofiane/AOC/tp-rendu/AOC/kernel.c:131;VFMADD231SS	%XMM8,%XMM3,%XMM6;
0x22a3;/home/sofiane/AOC/tp-rendu/AOC/kernel.c:131;VCVTSS2SD	%XMM6,%XMM6,%XMM8;
0x22a7;/home/sofiane/AOC/tp-rendu/AOC/kernel.c:131;VADDSD	%XMM7,%XMM8,%XMM6;
0x22ab;/home/sofiane/AOC/tp-rendu/AOC/kernel.c:131;VADDSS	%XMM14,%XMM0,%XMM8;
0x22b0;/home/sofiane/AOC/tp-rendu/AOC/kernel.c:13;VFMADD132SS	%XMM5,%XMM4,%XMM8;
0x22b5;/home/sofiane/AOC/tp-rendu/AOC/kernel.c:13;VCVTTSS2SI	%XMM8,%EDX;
0x22ba;/home/sofiane/AOC/tp-rendu/AOC/kernel.c:131;VMOVD	%EDX,%XMM7;
0x22be;/home/sofiane/AOC/tp-rendu/AOC/kernel.c:131;VDIVSS	%XMM1,%XMM7,%XMM8;
0x22c2;/home/sofiane/AOC/tp-rendu/AOC/kernel.c:132;VMULSS	%XMM14,%XMM0,%XMM7;
0x22c7;/home/sofiane/AOC/tp-rendu/AOC/kernel.c:132;VDIVSS	%XMM1,%XMM7,%XMM7;
0x22cb;/home/sofiane/AOC/tp-rendu/AOC/kernel.c:132;VMULSS	%XMM2,%XMM7,%XMM7;
0x22cf;/home/sofiane/AOC/tp-rendu/AOC/kernel.c:131;VFMADD231SS	%XMM8,%XMM3,%XMM7;
0x22d4;/home/sofiane/AOC/tp-rendu/AOC/kernel.c:131;VCVTSS2SD	%XMM7,%XMM7,%XMM8;
0x22d8;/home/sofiane/AOC/tp-rendu/AOC/kernel.c:131;VADDSS	%XMM13,%XMM0,%XMM7;
0x22dd;/home/sofiane/AOC/tp-rendu/AOC/kernel.c:13;VFMADD132SS	%XMM5,%XMM4,%XMM7;
0x22e2;/home/sofiane/AOC/tp-rendu/AOC/kernel.c:131;VADDSD	%XMM6,%XMM8,%XMM6;
0x22e6;/home/sofiane/AOC/tp-rendu/AOC/kernel.c:13;VCVTTSS2SI	%XMM7,%ESI;
0x22ea;/home/sofiane/AOC/tp-rendu/AOC/kernel.c:132;VMULSS	%XMM13,%XMM0,%XMM7;
0x22ef;/home/sofiane/AOC/tp-rendu/AOC/kernel.c:131;VMOVD	%ESI,%XMM8;
0x22f3;/home/sofiane/AOC/tp-rendu/AOC/kernel.c:131;VDIVSS	%XMM1,%XMM8,%XMM8;
0x22f7;/home/sofiane/AOC/tp-rendu/AOC/kernel.c:132;VDIVSS	%XMM1,%XMM7,%XMM7;
0x22fb;/home/sofiane/AOC/tp-rendu/AOC/kernel.c:132;VMULSS	%XMM2,%XMM7,%XMM7;
0x22ff;/home/sofiane/AOC/tp-rendu/AOC/kernel.c:131;VFMADD231SS	%XMM8,%XMM3,%XMM7;
0x2304;/home/sofiane/AOC/tp-rendu/AOC/kernel.c:131;VCVTSS2SD	%XMM7,%XMM7,%XMM8;
0x2308;/home/sofiane/AOC/tp-rendu/AOC/kernel.c:131;VADDSS	%XMM12,%XMM0,%XMM7;
0x230d;/home/sofiane/AOC/tp-rendu/AOC/kernel.c:13;VFMADD132SS	%XMM5,%XMM4,%XMM7;
0x2312;/home/sofiane/AOC/tp-rendu/AOC/kernel.c:131;VADDSD	%XMM6,%XMM8,%XMM6;
0x2316;/home/sofiane/AOC/tp-rendu/AOC/kernel.c:13;VCVTTSS2SI	%XMM7,%R10D;
0x231a;/home/sofiane/AOC/tp-rendu/AOC/kernel.c:132;VMULSS	%XMM12,%XMM0,%XMM7;
0x231f;/home/sofiane/AOC/tp-rendu/AOC/kernel.c:131;VMOVD	%R10D,%XMM8;
0x2324;/home/sofiane/AOC/tp-rendu/AOC/kernel.c:131;VDIVSS	%XMM1,%XMM8,%XMM8;
0x2328;/home/sofiane/AOC/tp-rendu/AOC/kernel.c:132;VDIVSS	%XMM1,%XMM7,%XMM7;
0x232c;/home/sofiane/AOC/tp-rendu/AOC/kernel.c:132;VMULSS	%XMM2,%XMM7,%XMM7;
0x2330;/home/sofiane/AOC/tp-rendu/AOC/kernel.c:131;VFMADD231SS	%XMM8,%XMM3,%XMM7;
0x2335;/home/sofiane/AOC/tp-rendu/AOC/kernel.c:131;VCVTSS2SD	%XMM7,%XMM7,%XMM8;
0x2339;/home/sofiane/AOC/tp-rendu/AOC/kernel.c:131;VADDSS	%XMM11,%XMM0,%XMM7;
0x233e;/home/sofiane/AOC/tp-rendu/AOC/kernel.c:13;VFMADD132SS	%XMM5,%XMM4,%XMM7;
0x2343;/home/sofiane/AOC/tp-rendu/AOC/kernel.c:131;VADDSD	%XMM6,%XMM8,%XMM6;
0x2347;/home/sofiane/AOC/tp-rendu/AOC/kernel.c:13;VCVTTSS2SI	%XMM7,%EAX;
0x234b;/home/sofiane/AOC/tp-rendu/AOC/kernel.c:132;VMULSS	%XMM11,%XMM0,%XMM7;
0x2350;/home/sofiane/AOC/tp-rendu/AOC/kernel.c:131;VMOVD	%EAX,%XMM8;
0x2354;/home/sofiane/AOC/tp-rendu/AOC/kernel.c:131;VDIVSS	%XMM1,%XMM8,%XMM8;
0x2358;/home/sofiane/AOC/tp-rendu/AOC/kernel.c:132;VDIVSS	%XMM1,%XMM7,%XMM7;
0x235c;/home/sofiane/AOC/tp-rendu/AOC/kernel.c:132;VMULSS	%XMM2,%XMM7,%XMM7;
0x2360;/home/sofiane/AOC/tp-rendu/AOC/kernel.c:131;VFMADD231SS	%XMM8,%XMM3,%XMM7;
0x2365;/home/sofiane/AOC/tp-rendu/AOC/kernel.c:131;VCVTSS2SD	%XMM7,%XMM7,%XMM8;
0x2369;/home/sofiane/AOC/tp-rendu/AOC/kernel.c:131;VADDSS	%XMM10,%XMM0,%XMM7;
0x236e;/home/sofiane/AOC/tp-rendu/AOC/kernel.c:13;VFMADD132SS	%XMM5,%XMM4,%XMM7;
0x2373;/home/sofiane/AOC/tp-rendu/AOC/kernel.c:131;VADDSD	%XMM6,%XMM8,%XMM6;
0x2377;/home/sofiane/AOC/tp-rendu/AOC/kernel.c:13;VCVTTSS2SI	%XMM7,%EDX;
0x237b;/home/sofiane/AOC/tp-rendu/AOC/kernel.c:132;VMULSS	%XMM10,%XMM0,%XMM7;
0x2380;/home/sofiane/AOC/tp-rendu/AOC/kernel.c:131;VMOVD	%EDX,%XMM8;
0x2384;/home/sofiane/AOC/tp-rendu/AOC/kernel.c:131;VDIVSS	%XMM1,%XMM8,%XMM8;
0x2388;/home/sofiane/AOC/tp-rendu/AOC/kernel.c:132;VDIVSS	%XMM1,%XMM7,%XMM7;
0x238c;/home/sofiane/AOC/tp-rendu/AOC/kernel.c:132;VMULSS	%XMM2,%XMM7,%XMM7;
0x2390;/home/sofiane/AOC/tp-rendu/AOC/kernel.c:131;VFMADD231SS	%XMM8,%XMM3,%XMM7;
0x2395;/home/sofiane/AOC/tp-rendu/AOC/kernel.c:131;VCVTSS2SD	%XMM7,%XMM7,%XMM8;
0x2399;/home/sofiane/AOC/tp-rendu/AOC/kernel.c:131;VADDSS	%XMM9,%XMM0,%XMM7;
0x239e;/home/sofiane/AOC/tp-rendu/AOC/kernel.c:13;VFMADD132SS	%XMM5,%XMM4,%XMM7;
0x23a3;/home/sofiane/AOC/tp-rendu/AOC/kernel.c:131;VADDSD	%XMM6,%XMM8,%XMM6;
0x23a7;/home/sofiane/AOC/tp-rendu/AOC/kernel.c:13;VCVTTSS2SI	%XMM7,%ESI;
0x23ab;/home/sofiane/AOC/tp-rendu/AOC/kernel.c:132;VMULSS	%XMM9,%XMM0,%XMM7;
0x23b0;/home/sofiane/AOC/tp-rendu/AOC/kernel.c:131;VMOVD	%ESI,%XMM8;
0x23b4;/home/sofiane/AOC/tp-rendu/AOC/kernel.c:131;VDIVSS	%XMM1,%XMM8,%XMM8;
0x23b8;/home/sofiane/AOC/tp-rendu/AOC/kernel.c:132;VDIVSS	%XMM1,%XMM7,%XMM7;
0x23bc;/home/sofiane/AOC/tp-rendu/AOC/kernel.c:132;VMULSS	%XMM2,%XMM7,%XMM7;
0x23c0;/home/sofiane/AOC/tp-rendu/AOC/kernel.c:131;VFMADD231SS	%XMM8,%XMM3,%XMM7;
0x23c5;/home/sofiane/AOC/tp-rendu/AOC/kernel.c:131;VCVTSS2SD	%XMM7,%XMM7,%XMM8;
0x23c9;/home/sofiane/AOC/tp-rendu/AOC/kernel.c:131;VADDSS	0xc(%RSP),%XMM0,%XMM7;
0x23cf;/home/sofiane/AOC/tp-rendu/AOC/kernel.c:131;VADDSD	%XMM6,%XMM8,%XMM6;
0x23d3;/home/sofiane/AOC/tp-rendu/AOC/kernel.c:13;VFMADD132SS	%XMM5,%XMM4,%XMM7;
0x23d8;/home/sofiane/AOC/tp-rendu/AOC/kernel.c:13;VCVTTSS2SI	%XMM7,%R10D;
0x23dc;/home/sofiane/AOC/tp-rendu/AOC/kernel.c:132;VMULSS	0xc(%RSP),%XMM0,%XMM7;
0x23e2;/home/sofiane/AOC/tp-rendu/AOC/kernel.c:131;VMOVD	%R10D,%XMM8;
0x23e7;/home/sofiane/AOC/tp-rendu/AOC/kernel.c:131;VDIVSS	%XMM1,%XMM8,%XMM8;
0x23eb;/home/sofiane/AOC/tp-rendu/AOC/kernel.c:132;VDIVSS	%XMM1,%XMM7,%XMM7;
0x23ef;/home/sofiane/AOC/tp-rendu/AOC/kernel.c:132;VMULSS	%XMM2,%XMM7,%XMM7;
0x23f3;/home/sofiane/AOC/tp-rendu/AOC/kernel.c:131;VFMADD231SS	%XMM8,%XMM3,%XMM7;
0x23f8;/home/sofiane/AOC/tp-rendu/AOC/kernel.c:131;VCVTSS2SD	%XMM7,%XMM7,%XMM8;
0x23fc;/home/sofiane/AOC/tp-rendu/AOC/kernel.c:131;VADDSS	0x10(%RSP),%XMM0,%XMM7;
0x2402;/home/sofiane/AOC/tp-rendu/AOC/kernel.c:131;VADDSD	%XMM6,%XMM8,%XMM6;
0x2406;/home/sofiane/AOC/tp-rendu/AOC/kernel.c:13;VFMADD132SS	%XMM5,%XMM4,%XMM7;
0x240b;/home/sofiane/AOC/tp-rendu/AOC/kernel.c:13;VCVTTSS2SI	%XMM7,%EAX;
0x240f;/home/sofiane/AOC/tp-rendu/AOC/kernel.c:132;VMULSS	0x10(%RSP),%XMM0,%XMM7;
0x2415;/home/sofiane/AOC/tp-rendu/AOC/kernel.c:131;VMOVD	%EAX,%XMM8;
0x2419;/home/sofiane/AOC/tp-rendu/AOC/kernel.c:131;VDIVSS	%XMM1,%XMM8,%XMM8;
0x241d;/home/sofiane/AOC/tp-rendu/AOC/kernel.c:132;VDIVSS	%XMM1,%XMM7,%XMM7;
0x2421;/home/sofiane/AOC/tp-rendu/AOC/kernel.c:132;VMULSS	%XMM2,%XMM7,%XMM7;
0x2425;/home/sofiane/AOC/tp-rendu/AOC/kernel.c:131;VFMADD231SS	%XMM8,%XMM3,%XMM7;
0x242a;/home/sofiane/AOC/tp-rendu/AOC/kernel.c:131;VCVTSS2SD	%XMM7,%XMM7,%XMM8;
0x242e;/home/sofiane/AOC/tp-rendu/AOC/kernel.c:131;VADDSS	0x14(%RSP),%XMM0,%XMM7;
0x2434;/home/sofiane/AOC/tp-rendu/AOC/kernel.c:131;VADDSD	%XMM6,%XMM8,%XMM6;
0x2438;/home/sofiane/AOC/tp-rendu/AOC/kernel.c:13;VFMADD132SS	%XMM5,%XMM4,%XMM7;
0x243d;/home/sofiane/AOC/tp-rendu/AOC/kernel.c:13;VCVTTSS2SI	%XMM7,%EDX;
0x2441;/home/sofiane/AOC/tp-rendu/AOC/kernel.c:132;VMULSS	0x14(%RSP),%XMM0,%XMM7;
0x2447;/home/sofiane/AOC/tp-rendu/AOC/kernel.c:131;VMOVD	%EDX,%XMM8;
0x244b;/home/sofiane/AOC/tp-rendu/AOC/kernel.c:131;VDIVSS	%XMM1,%XMM8,%XMM8;
0x244f;/home/sofiane/AOC/tp-rendu/AOC/kernel.c:132;VDIVSS	%XMM1,%XMM7,%XMM7;
0x2453;/home/sofiane/AOC/tp-rendu/AOC/kernel.c:132;VMULSS	%XMM2,%XMM7,%XMM7;
0x2457;/home/sofiane/AOC/tp-rendu/AOC/kernel.c:131;VFMADD231SS	%XMM8,%XMM3,%XMM7;
0x245c;/home/sofiane/AOC/tp-rendu/AOC/kernel.c:131;VCVTSS2SD	%XMM7,%XMM7,%XMM8;
0x2460;/home/sofiane/AOC/tp-rendu/AOC/kernel.c:131;VADDSS	0x18(%RSP),%XMM0,%XMM7;
0x2466;/home/sofiane/AOC/tp-rendu/AOC/kernel.c:131;VADDSD	%XMM6,%XMM8,%XMM6;
0x246a;/home/sofiane/AOC/tp-rendu/AOC/kernel.c:13;VFMADD132SS	%XMM5,%XMM4,%XMM7;
0x246f;/home/sofiane/AOC/tp-rendu/AOC/kernel.c:13;VCVTTSS2SI	%XMM7,%ESI;
0x2473;/home/sofiane/AOC/tp-rendu/AOC/kernel.c:132;VMULSS	0x18(%RSP),%XMM0,%XMM7;
0x2479;/home/sofiane/AOC/tp-rendu/AOC/kernel.c:131;VMOVD	%ESI,%XMM8;
0x247d;/home/sofiane/AOC/tp-rendu/AOC/kernel.c:131;VDIVSS	%XMM1,%XMM8,%XMM8;
0x2481;/home/sofiane/AOC/tp-rendu/AOC/kernel.c:132;VDIVSS	%XMM1,%XMM7,%XMM7;
0x2485;/home/sofiane/AOC/tp-rendu/AOC/kernel.c:132;VMULSS	%XMM2,%XMM7,%XMM7;
0x2489;/home/sofiane/AOC/tp-rendu/AOC/kernel.c:131;VFMADD231SS	%XMM8,%XMM3,%XMM7;
0x248e;/home/sofiane/AOC/tp-rendu/AOC/kernel.c:131;VCVTSS2SD	%XMM7,%XMM7,%XMM8;
0x2492;/home/sofiane/AOC/tp-rendu/AOC/kernel.c:131;VADDSD	%XMM6,%XMM8,%XMM6;
0x2496;/home/sofiane/AOC/tp-rendu/AOC/kernel.c:131;VMOVSS	0x1c(%RSP),%XMM8;
0x249c;/home/sofiane/AOC/tp-rendu/AOC/kernel.c:131;VADDSS	%XMM8,%XMM0,%XMM7;
0x24a1;/home/sofiane/AOC/tp-rendu/AOC/kernel.c:132;VMULSS	%XMM8,%XMM0,%XMM0;
0x24a6;/home/sofiane/AOC/tp-rendu/AOC/kernel.c:13;VFMADD132SS	%XMM5,%XMM4,%XMM7;
0x24ab;/home/sofiane/AOC/tp-rendu/AOC/kernel.c:13;VCVTTSS2SI	%XMM7,%R10D;
0x24af;/home/sofiane/AOC/tp-rendu/AOC/kernel.c:131;VMOVD	%R10D,%XMM7;
0x24b4;/home/sofiane/AOC/tp-rendu/AOC/kernel.c:131;VDIVSS	%XMM1,%XMM7,%XMM7;
0x24b8;/home/sofiane/AOC/tp-rendu/AOC/kernel.c:132;VDIVSS	%XMM1,%XMM0,%XMM1;
0x24bc;/home/sofiane/AOC/tp-rendu/AOC/kernel.c:132;VMULSS	%XMM2,%XMM1,%XMM2;
0x24c0;/home/sofiane/AOC/tp-rendu/AOC/kernel.c:131;VFMADD231SS	%XMM7,%XMM3,%XMM2;
0x24c5;/home/sofiane/AOC/tp-rendu/AOC/kernel.c:131;VCVTSS2SD	%XMM2,%XMM2,%XMM3;
0x24c9;/home/sofiane/AOC/tp-rendu/AOC/kernel.c:131;VADDSD	%XMM6,%XMM3,%XMM6;
0x24cd;/home/sofiane/AOC/tp-rendu/AOC/kernel.c:135;VMOVSD	%XMM6,(%RDI,%RBP,2);
0x24d2;/home/sofiane/AOC/tp-rendu/AOC/kernel.c:135;ADD	$0x4,%RBP;
0x24d6;/home/sofiane/AOC/tp-rendu/AOC/kernel.c:135;CMP	%RBP,%R12;
0x24d9;/home/sofiane/AOC/tp-rendu/AOC/kernel.c:135;JE	2510 <kernel._omp_fn.0+0x3b0>;
0x24db;/home/sofiane/AOC/tp-rendu/AOC/kernel.c:123;VMOVSS	(%R8,%RBP,1),%XMM0;
0x24e1;/home/sofiane/AOC/tp-rendu/AOC/kernel.c:127;VXORPS	%XMM3,%XMM3,%XMM3;
0x24e5;/home/sofiane/AOC/tp-rendu/AOC/kernel.c:124;VMOVSS	(%R9,%RBP,1),%XMM1;
0x24eb;/home/sofiane/AOC/tp-rendu/AOC/kernel.c:127;VCOMISS	%XMM3,%XMM0;
0x24ef;/home/sofiane/AOC/tp-rendu/AOC/kernel.c:127;JAE	2250 <kernel._omp_fn.0+0xf0>;
0x24f5;/home/sofiane/AOC/tp-rendu/AOC/kernel.c:127;VXORPS	%XMM3,%XMM3,%XMM3;
0x24f9;/home/sofiane/AOC/tp-rendu/AOC/kernel.c:128;VMOVAPS	%XMM3,%XMM2;
0x24fd;/home/sofiane/AOC/tp-rendu/AOC/kernel.c:128;JMP	2276 <kernel._omp_fn.0+0x116>;
